Scenario ID;ThreatID;VulnID
S1;M3;V27
S1;M13;V38
S2;M15;V32
S2;M25;V32
S3;M18;V1
S4;;
S5;M15;V32
S5;M25;V32
S5;M25;V33
S6;M16;V12
S6;M16;V26
S6;M16;V28
S7;M16;V26
S7;M16;V28
S8;;
S9;M1;V8
S9;M5;V9
S9;M6;V10
S9;M7;V11
S9;M21;V12
S9;M27;V13
S9;M28;V14
S10;M15;V32
S10;M25;V32
S10;M25;V33
S10;M1;V8
S10;M5;V9
S10;M6;V9
S10;M7;V9
S10;M28;V9
S11;M1;V8
S11;M5;V8
S11;M6;V8
S11;M7;V8
S11;M21;V8
S11;M27;V8
S11;M28;V8
S12;;
S13;M1;V8
S13;M5;V9
S13;M6;V9
S13;M7;V9
S13;M26;V7
S13;M26;V14
S13;M26;V17
S13;M26;V21
S13;M26;V23
S13;M26;V25
S13;M28;V9
S14;M26;V7
S14;M26;V14
S14;M26;V17
S14;M26;V21
S14;M26;V23
S14;M26;V25
S15;;
S16;M1;V8
S16;M1;V19
S16;M1;V22
S16;M4;V3
S16;M4;V4
S16;M4;V7
S16;M4;V23
S16;M4;V21
S16;M5;V3
S16;M5;V4
S16;M5;V7
S16;M5;V8
S16;M5;V9
S16;M5;V14
S16;M5;V23
S16;M6;V3
S16;M6;V4
S16;M6;V7
S16;M6;V8
S16;M6;V9
S16;M6;V14
S16;M6;V23
S16;M7;V3
S16;M7;V4
S16;M7;V7
S16;M7;V8
S16;M7;V9
S16;M7;V14
S16;M7;V23
S16;M10;V3
S16;M10;V4
S16;M10;V7
S16;M10;V20
S16;M10;V23
S16;M10;V36
S16;M11;V3
S16;M11;V4
S16;M11;V7
S16;M11;V20
S16;M11;V23
S16;M11;V36
S16;M14;V6
S16;M14;V10
S16;M14;V11
S16;M14;V14
S16;M17;V10
S16;M17;V14
S16;M20;V7
S16;M20;V14
S16;M20;V23
S16;M21;V8
S16;M21;V14
S16;M21;V25
S16;M22;V2
S16;M22;V3
S16;M22;V5
S16;M22;V7
S16;M23;V2
S16;M23;V3
S16;M23;V5
S16;M23;V7
S16;M25;V14
S16;M26;V4
S16;M26;V7
S16;M26;V14
S16;M26;V21
S16;M26;V23
S16;M26;V25
S16;M27;V2
S16;M27;V3
S16;M27;V5
S16;M27;V7
S16;M27;V8
S16;M27;V23
S16;M28;V3
S16;M28;V4
S16;M28;V7
S16;M28;V8
S16;M28;V9
S16;M28;V14
S16;M28;V23
S17;;
S18;M1;V8
S18;M1;V19
S18;M1;V22
S18;M4;V3
S18;M4;V4
S18;M4;V7
S18;M4;V23
S18;M4;V21
S18;M5;V3
S18;M5;V4
S18;M5;V7
S18;M5;V8
S18;M5;V9
S18;M5;V14
S18;M5;V23
S18;M6;V3
S18;M6;V4
S18;M6;V7
S18;M6;V8
S18;M6;V9
S18;M6;V14
S18;M6;V23
S18;M7;V3
S18;M7;V4
S18;M7;V7
S18;M7;V8
S18;M7;V9
S18;M7;V14
S18;M7;V23
S18;M10;V3
S18;M10;V4
S18;M10;V7
S18;M10;V20
S18;M10;V23
S18;M10;V36
S18;M11;V3
S18;M11;V4
S18;M11;V7
S18;M11;V20
S18;M11;V23
S18;M11;V36
S18;M14;V6
S18;M14;V10
S18;M14;V11
S18;M14;V14
S18;M17;V10
S18;M17;V14
S18;M20;V7
S18;M20;V14
S18;M20;V23
S18;M21;V8
S18;M21;V14
S18;M21;V25
S18;M22;V2
S18;M22;V3
S18;M22;V5
S18;M22;V7
S18;M23;V2
S18;M23;V3
S18;M23;V5
S18;M23;V7
S18;M25;V14
S18;M26;V4
S18;M26;V7
S18;M26;V14
S18;M26;V21
S18;M26;V23
S18;M26;V25
S18;M27;V2
S18;M27;V3
S18;M27;V5
S18;M27;V7
S18;M27;V8
S18;M27;V23
S18;M28;V3
S18;M28;V4
S18;M28;V7
S18;M28;V8
S18;M28;V9
S18;M28;V14
S18;M28;V23
S19;M3;V12
S19;M8;V12
S19;M13;V12
S19;M16;V12
S19;M25;V13
S20;M3;V12
S20;M8;V12
S20;M13;V12
S20;M16;V12
S21;;
S22;M3;V12
S22;M4;V4
S22;M5;V4
S22;M5;V16
S22;M6;V4
S22;M6;V16
S22;M7;V4
S22;M7;V16
S22;M8;V12
S22;M9;V15
S22;M10;V4
S22;M11;V4
S22;M12;V16
S22;M13;V12
S22;M14;V10
S22;M14;V15
S22;M14;V16
S22;M16;V12
S22;M17;V10
S22;M17;V16
S22;M21;V15
S22;M21;V16
S22;M25;V13
S22;M26;V4
S22;M26;V15
S22;M28;V4
S22;M28;V16
S23;M3;V12
S23;M4;V4
S23;M5;V4
S23;M5;V16
S23;M6;V4
S23;M6;V16
S23;M7;V4
S23;M7;V16
S23;M8;V12
S23;M9;V15
S23;M10;V4
S23;M11;V4
S23;M12;V16
S23;M13;V12
S23;M14;V10
S23;M14;V15
S23;M14;V16
S23;M16;V12
S23;M17;V10
S23;M17;V16
S23;M21;V15
S23;M21;V16
S23;M25;V13
S23;M26;V4
S23;M26;V15
S23;M28;V4
S23;M28;V16
S24;;
S25;M5;V16
S25;M6;V16
S25;M7;V16
S25;M9;V15
S25;M12;V16
S25;M14;V16
S25;M14;V15
S25;M17;V16
S25;M21;V16
S25;M21;V15
S25;M26;V15
S25;M28;V16
S26;M5;V16
S26;M6;V16
S26;M7;V16
S26;M9;V15
S26;M12;V16
S26;M14;V16
S26;M14;V15
S26;M17;V16
S26;M21;V16
S26;M21;V15
S26;M26;V15
S26;M28;V16
S27;;
S28;M4;V21
S28;M26;V21
S29;M4;V21
S29;M26;V21
S30;;
S31;M1;V19
S31;M1;V22
S31;M4;V3
S31;M4;V7
S31;M4;V23
S31;M5;V3
S31;M5;V7
S31;M5;V23
S31;M6;V3
S31;M6;V7
S31;M6;V23
S31;M7;V3
S31;M7;V7
S31;M7;V23
S31;M10;V3
S31;M10;V7
S31;M10;V23
S31;M11;V3
S31;M11;V7
S31;M11;V23
S31;M19;V19
S31;M20;V7
S31;M20;V23
S31;M22;V2
S31;M22;V3
S31;M22;V7
S31;M23;V2
S31;M23;V3
S31;M23;V7
S31;M26;V7
S31;M26;V23
S31;M27;V2
S31;M27;V3
S31;M27;V7
S31;M27;V23
S31;M28;V3
S31;M28;V7
S31;M28;V23
S32;M1;V19
S32;M1;V22
S32;M4;V3
S32;M4;V7
S32;M4;V23
S32;M5;V3
S32;M5;V7
S32;M5;V23
S32;M6;V3
S32;M6;V7
S32;M6;V23
S32;M7;V3
S32;M7;V7
S32;M7;V23
S32;M10;V3
S32;M10;V7
S32;M10;V23
S32;M11;V3
S32;M11;V7
S32;M11;V23
S32;M19;V19
S32;M20;V7
S32;M20;V23
S32;M22;V2
S32;M22;V3
S32;M22;V7
S32;M23;V2
S32;M23;V3
S32;M23;V7
S32;M26;V7
S32;M26;V23
S32;M27;V2
S32;M27;V3
S32;M27;V7
S32;M27;V23
S32;M28;V3
S32;M28;V7
S32;M28;V23
S33;;
S34;M5;V14
S34;M6;V14
S34;M7;V14
S34;M14;V14
S34;M15;V32
S34;M17;V14
S34;M20;V14
S34;M21;V14
S34;M25;V32
S34;M25;V33
S34;M25;V14
S34;M26;V14
S34;M28;V14
S35;M5;V14
S35;M6;V14
S35;M7;V14
S35;M14;V14
S35;M15;V32
S35;M17;V14
S35;M20;V14
S35;M21;V14
S35;M25;V32
S35;M25;V33
S35;M25;V14
S35;M26;V14
S35;M28;V14
S36;;
S37;M5;V14
S37;M6;V14
S37;M7;V14
S37;M14;V14
S37;M17;V14
S37;M20;V14
S37;M21;V14
S37;M21;V25
S37;M25;V14
S37;M26;V25
S37;M26;V14
S37;M28;V14
S38;M5;V14
S38;M6;V14
S38;M7;V14
S38;M14;V14
S38;M17;V14
S38;M20;V14
S38;M21;V14
S38;M21;V25
S38;M25;V14
S38;M26;V25
S38;M26;V14
S38;M28;V14
S39;;
S40;M3;V12
S40;M8;V12
S40;M13;V12
S40;M16;V12
S40;M25;V13
S41;M3;V12
S41;M8;V12
S41;M13;V12
S41;M16;V12
S41;M25;V13
S42;;
S43;M5;V14
S43;M6;V14
S43;M7;V14
S43;M12;V18
S43;M14;V14
S43;M17;V14
S43;M20;V14
S43;M21;V14
S43;M21;V17
S43;M25;V14
S43;M26;V14
S43;M26;V17
S43;M28;V14
S44;M5;V14
S44;M6;V14
S44;M7;V14
S44;M12;V18
S44;M14;V14
S44;M17;V14
S44;M20;V14
S44;M21;V14
S44;M21;V17
S44;M25;V14
S44;M26;V14
S44;M26;V17
S44;M28;V14
S45;;
S46;M8;V34
S47;M8;V34
S48;;
S49;M19;V30
S50;M19;V30
S51;;
S52;M3;V27
S53;;
S54;M26;V14
S54;M26;V25
S55;;
S56;M15;V32
S56;M25;V32
S56;M25;V33
S57;;
S58;M26;V14
S58;M26;V25
S59;;
S60;M15;V32
S60;M25;V32
S60;M25;V33
S61;;
S62;M12;V31
S62;M15;V31
S63;;
S64;M1;V22
S64;M4;V3
S64;M4;V7
S64;M4;V23
S64;M5;V3
S64;M5;V7
S64;M5;V23
S64;M6;V3
S64;M6;V7
S64;M6;V23
S64;M7;V3
S64;M7;V7
S64;M7;V23
S64;M10;V3
S64;M10;V7
S64;M10;V23
S64;M11;V3
S64;M11;V7
S64;M11;V23
S64;M20;V7
S64;M20;V23
S64;M22;V3
S64;M22;V7
S64;M23;V3
S64;M23;V7
S64;M26;V7
S64;M26;V23
S64;M27;V3
S64;M27;V7
S64;M27;V23
S64;M28;V3
S64;M28;V7
S64;M28;V23
S65;;
S66;M4;V7
S66;M4;V23
S66;M5;V7
S66;M5;V23
S66;M6;V7
S66;M6;V23
S66;M7;V7
S66;M7;V23
S66;M10;V7
S66;M10;V23
S66;M11;V7
S66;M11;V23
S66;M20;V7
S66;M20;V23
S66;M22;V7
S66;M23;V7
S66;M26;V7
S66;M26;V23
S66;M27;V7
S66;M27;V23
S66;M28;V7
S66;M28;V23
S67;;
S68;M4;V4
S68;M5;V4
S68;M5;V14
S68;M6;V4
S68;M6;V14
S68;M7;V4
S68;M7;V14
S68;M10;V4
S68;M11;V4
S68;M14;V14
S68;M17;V14
S68;M20;V14
S68;M21;V14
S68;M25;V14
S68;M26;V4
S68;M26;V14
S68;M28;V4
S68;M28;V14
S69;;
S70;M4;V4
S70;M5;V4
S70;M6;V4
S70;M7;V4
S70;M10;V4
S70;M11;V4
S70;M26;V4
S70;M28;V4
S71;;
S72;M4;V4
S72;M5;V4
S72;M6;V4
S72;M7;V4
S72;M10;V4
S72;M11;V4
S72;M26;V4
S72;M28;V4
S73;;
S74;M2;V29
S74;M2;V35
S75;;
S76;M12;V18
S76;M19;V37
S77;;
S78;M4;V23
S78;M5;V16
S78;M5;V23
S78;M6;V16
S78;M6;V23
S78;M7;V16
S78;M7;V23
S78;M9;V24
S78;M9;V15
S78;M10;V23
S78;M11;V23
S78;M12;V16
S78;M14;V16
S78;M14;V15
S78;M17;V16
S78;M20;V23
S78;M21;V16
S78;M21;V17
S78;M21;V15
S78;M21;V24
S78;M26;V23
S78;M26;V17
S78;M26;V15
S78;M27;V23
S78;M28;V16
S78;M28;V23
S79;;
S80;M15;V32
S80;M25;V32
S80;M25;V33
S81;;
S82;M13;V38
S82;M15;V32
S82;M25;V32
S82;M25;V33
S83;;
S84;M15;V32
S85;M26;V25
S85;;
S86;M1;V8
S86;M5;V8
S86;M5;V9
S86;M6;V8
S86;M6;V9
S86;M7;V8
S86;M7;V9
S86;M21;V8
S86;M27;V8
S86;M28;V8
S86;M28;V9
S87;;
S88;M9;V15
S88;M9;V24
S88;M21;V24
S89;;
S90;M14;V14
S90;M20;V14
S91;;
S92;M2;V29
S92;M3;V27
S92;M8;V34
S92;M13;V38
S92;M16;V26
S92;M16;V28
S92;M25;V32
S92;M25;V33
S93;;
S94;M15;V32
S94;M25;V32
S94;M25;V33
S95;;
S96;M5;V16
S96;M6;V16
S96;M7;V16
S96;M12;V16
S96;M12;V18
S96;M14;V16
S96;M14;V6
S96;M14;V10
S96;M17;V10
S96;M17;V16
S96;M21;V16
S96;M21;V25
S96;M26;V25
S96;M28;V16
S97;;
S98;M17;V14
S98;M26;V14
S99;;
S100;M3;V12
S100;M8;V12
S100;M13;V12
S100;M16;V12
S100;M25;V13
S101;;
S102;M1;V8
S102;M5;V9
S102;M5;V8
S102;M6;V9
S102;M6;V8
S102;M7;V9
S102;M7;V8
S102;M21;V8
S102;M27;V8
S102;M28;V9
S102;M28;V8
S103;;
S104;M1;V8
S104;M5;V9
S104;M5;V8
S104;M6;V9
S104;M6;V8
S104;M7;V9
S104;M7;V8
S104;M21;V8
S104;M27;V8
S104;M28;V9
S104;M28;V8
S105;;
S106;M1;V8
S106;M5;V9
S106;M5;V8
S106;M6;V9
S106;M6;V8
S106;M7;V9
S106;M7;V8
S106;M21;V8
S106;M27;V8
S106;M28;V9
S106;M28;V8
S107;;
S108;M26;V25
S109;;
S110;M4;V3
S110;M4;V7
S110;M4;V23
S110;M5;V3
S110;M5;V7
S110;M5;V14
S110;M5;V23
S110;M6;V3
S110;M6;V7
S110;M6;V14
S110;M6;V23
S110;M7;V3
S110;M7;V7
S110;M7;V14
S110;M7;V23
S110;M10;V3
S110;M10;V7
S110;M10;V23
S110;M11;V3
S110;M11;V7
S110;M11;V23
S110;M12;V18
S110;M14;V14
S110;M17;V14
S110;M20;V7
S110;M20;V14
S110;M20;V23
S110;M21;V14
S110;M22;V2
S110;M22;V3
S110;M22;V7
S110;M23;V2
S110;M23;V3
S110;M23;V7
S110;M25;V14
S110;M26;V7
S110;M26;V14
S110;M26;V23
S110;M26;V25
S110;M27;V2
S110;M27;V3
S110;M27;V7
S110;M27;V23
S111;;
S112;M26;v14
S112;M26;v25
S113;;
S114;M26;V25
S115;;
S116;M26;v14
S116;M26;v25
S117;;
S118;M3;V12
S118;M8;V12
S118;M12;V18
S118;M13;V12
S118;M16;V12
S118;M25;V13
S119;;
S120;M3;V12
S120;M8;V12
S120;M13;V12
S120;M16;V12
S120;M25;V13
S121;;
S122;M15;V32
S122;M25;V32
S122;M25;V33
S123;M15;V32
S123;M25;V32
S123;M25;V33
S124;M15;V32
S124;M25;V32
S124;M25;V33
S125;M16;V26
S125;M16;V28
S126;M15;V32
S126;M25;V32
S126;M25;V33
S127;M1;V19
S127;M1;V22
S127;M4;V3
S127;M4;V7
S127;M4;V23
S127;M5;V3
S127;M5;V7
S127;M5;V23
S127;M6;V3
S127;M6;V7
S127;M6;V23
S127;M7;V3
S127;M7;V7
S127;M7;V23
S127;M10;V3
S127;M10;V7
S127;M10;V23
S127;M11;V3
S127;M11;V7
S127;M11;V23
S127;M19;V19
S127;M20;V7
S127;M20;V23
S127;M22;V2
S127;M22;V3
S127;M22;V7
S127;M23;V2
S127;M23;V3
S127;M23;V7
S127;M26;V7
S127;M26;V23
S127;M27;V2
S127;M27;V3
S127;M27;V7
S127;M27;V23
S127;M28;V3
S127;M28;V7
S127;M28;V23
S128;M26;V14
S128;M26;V25
S129;M3;V12
S129;M8;V12
S129;M13;V12
S129;M16;V12
S129;M25;V13
S130;M15;V32
S130;M25;V32
S130;M25;V33
S131;M4;V3
S131;M4;V7
S131;M4;V23
S131;M5;V3
S131;M5;V7
S131;M5;V14
S131;M5;V23
S131;M6;V3
S131;M6;V7
S131;M6;V14
S131;M6;V23
S131;M7;V3
S131;M7;V7
S131;M7;V14
S131;M7;V23
S131;M10;V3
S131;M10;V7
S131;M10;V23
S131;M11;V3
S131;M11;V7
S131;M11;V23
S131;M12;V18
S131;M14;V14
S131;M17;V14
S131;M20;V7
S131;M20;V14
S131;M20;V23
S131;M21;V14
S131;M22;V2
S131;M22;V3
S131;M22;V7
S131;M23;V2
S131;M23;V3
S131;M23;V7
S131;M25;V14
S131;M26;V7
S131;M26;V14
S131;M26;V23
S131;M26;V25
S131;M27;V2
S131;M27;V3
S131;M27;V7
S131;M27;V23
S132;M17;V14
S132;M26;V14
S133;;
S134;M5;V14
S134;M6;V14
S134;M7;V14
S134;M14;V14
S134;M17;V14
S134;M20;V14
S134;M21;V14
S134;M21;V25
S134;M25;V14
S134;M26;V25
S134;M26;V14
S134;M28;V14
S135;;
S136;M17;V14
S136;M26;V14
S137;;
S138;M1;V8
S138;M5;V9
S138;M5;V8
S138;M6;V9
S138;M6;V8
S138;M7;V9
S138;M7;V8
S138;M21;V8
S138;M27;V8
S138;M28;V9
S138;M28;V8
S139;;
S140;M15;V32
S140;M25;V32
S140;M25;V33
S141;;
S142;;
S143;M2;V35
S143;M3;V27
S143;M5;V14
S143;M6;V14
S143;M7;V14
S143;M8;V34
S143;M9;V24
S143;M12;V31
S143;M12;V18
S143;M13;V38
S143;M14;V14
S143;M15;V31
S143;M15;V32
S143;M16;V26
S143;M16;V28
S143;M17;V14
S143;M20;V14
S143;M21;V14
S143;M21;V24
S143;M21;V25
S143;M25;V32
S143;M25;V33
S143;M25;V14
S143;M26;V25
S143;M26;V14
S143;M28;V14
S144;;
S145;;
S146;;
S147;;
S148;;
S149;;
S150;;
S151;;
S152;;
S153;M15;V31
S153;M26;V4
S153;M26;V14
S153;M26;V25
S154;M15;V32
S154;M25;V32
S154;M25;V33
S155;;
S156;M5;V14
S156;M5;V16
S156;M6;V14
S156;M6;V16
S156;M7;V14
S156;M7;V16
S156;M9;V15
S156;M12;V16
S156;M14;V16
S156;M14;V14
S156;M14;V15
S156;M17;V14
S156;M17;V16
S156;M20;V14
S156;M21;V14
S156;M21;V16
S156;M21;V15
S156;M21;V25
S156;M25;V14
S156;M26;V25
S156;M26;V14
S156;M26;V15
S156;M28;V14
S156;M28;V16
S157;;
S158;M4;V3
S158;M4;V7
S158;M4;V23
S158;M5;V3
S158;M5;V7
S158;M5;V14
S158;M5;V23
S158;M6;V3
S158;M6;V7
S158;M6;V14
S158;M6;V23
S158;M7;V3
S158;M7;V7
S158;M7;V14
S158;M7;V23
S158;M10;V3
S158;M10;V7
S158;M10;V23
S158;M11;V3
S158;M11;V7
S158;M11;V23
S158;M12;V18
S158;M14;V14
S158;M17;V14
S158;M20;V7
S158;M20;V14
S158;M20;V23
S158;M21;V14
S158;M22;V2
S158;M22;V3
S158;M22;V7
S158;M23;V2
S158;M23;V3
S158;M23;V7
S158;M25;V14
S158;M26;V7
S158;M26;V14
S158;M26;V23
S158;M26;V25
S158;M27;V2
S158;M27;V3
S158;M27;V7
S158;M27;V23
S159;;
S160;M5;V14
S160;M6;V14
S160;M7;V14
S160;M14;V14
S160;M17;V14
S160;M20;V14
S160;M21;V14
S160;M21;V25
S160;M25;V14
S160;M26;V25
S160;M26;V14
S160;M28;V14
S161;;
S162;M1;V8
S162;M5;V9
S162;M5;V8
S162;M6;V9
S162;M6;V8
S162;M7;V9
S162;M7;V8
S162;M21;V8
S162;M27;V8
S162;M28;V9
S162;M28;V8
S163;;
S164;M1;V8
S164;M4;V21
S164;M5;V9
S164;M5;V8
S164;M6;V9
S164;M6;V8
S164;M7;V9
S164;M7;V8
S164;M21;V8
S164;M26;V21
S164;M27;V8
S164;M28;V9
S164;M28;V8
S165;;
S166;M21;V17
S166;M21;V25
S166;M26;V17
S166;M26;V25
S167;;
S168;M1;V8
S168;M1;V19
S168;M1;V22
S168;M4;V3
S168;M4;V4
S168;M4;V7
S168;M4;V23
S168;M4;V21
S168;M5;V3
S168;M5;V4
S168;M5;V7
S168;M5;V8
S168;M5;V9
S168;M5;V14
S168;M5;V23
S168;M6;V3
S168;M6;V4
S168;M6;V7
S168;M6;V8
S168;M6;V9
S168;M6;V14
S168;M6;V23
S168;M7;V3
S168;M7;V4
S168;M7;V7
S168;M7;V8
S168;M7;V9
S168;M7;V14
S168;M7;V23
S168;M10;V3
S168;M10;V4
S168;M10;V7
S168;M10;V20
S168;M10;V23
S168;M10;V36
S168;M11;V3
S168;M11;V4
S168;M11;V7
S168;M11;V20
S168;M11;V23
S168;M11;V36
S168;M14;V6
S168;M14;V10
S168;M14;V11
S168;M14;V14
S168;M17;V10
S168;M17;V14
S168;M20;V7
S168;M20;V14
S168;M20;V23
S168;M21;V8
S168;M21;V14
S168;M21;V25
S168;M22;V2
S168;M22;V3
S168;M22;V5
S168;M22;V7
S168;M23;V2
S168;M23;V3
S168;M23;V5
S168;M23;V7
S168;M25;V14
S168;M26;V4
S168;M26;V7
S168;M26;V14
S168;M26;V21
S168;M26;V23
S168;M26;V25
S168;M27;V2
S168;M27;V3
S168;M27;V5
S168;M27;V7
S168;M27;V8
S168;M27;V23
S168;M28;V3
S168;M28;V4
S168;M28;V7
S168;M28;V8
S168;M28;V9
S168;M28;V14
S168;M28;V23
S169;;
S170;M1;V8
S170;M5;V9
S170;M5;V8
S170;M6;V9
S170;M6;V8
S170;M7;V9
S170;M7;V8
S170;M21;V8
S170;M27;V8
S170;M28;V9
S170;M28;V8
S171;M1;V8
S171;M5;V9
S171;M5;V8
S171;M6;V9
S171;M6;V8
S171;M7;V9
S171;M7;V8
S171;M21;V8
S171;M27;V8
S171;M28;V9
S171;M28;V8
S172;M5;V14
S172;M6;V14
S172;M7;V14
S172;M14;V14
S172;M17;V14
S172;M20;V14
S172;M21;V14
S172;M21;V25
S172;M25;V14
S172;M26;V25
S172;M26;V14
S172;M28;V14
S173;;
S174;M26;V25
S175;;
S176;M3;V12
S176;M8;V12
S176;M12;V18
S176;M13;V12
S176;M16;V12
S176;M25;V13
S177;;
S178;M18;V1
S178;M19;V1
S178;M19;V30
S178;M24;V1
S179;M14;V6
S179;M14;V11
S179;M18;V1
S179;M19;V1
S179;M22;V5
S179;M23;V5
S179;M24;V1
S179;M27;V5
S180;M14;V6
S180;M14;V11
S180;M22;V5
S180;M23;V5
S180;M27;V5
S181;;
S182;;
S183;M4;V4
S183;M5;V4
S183;M6;V4
S183;M7;V4
S183;M10;V4
S183;M11;V4
S183;M26;V4
S183;M28;V4
S184;;
S185;M15;V32
S185;M25;V32
S185;M25;V33
S186;;
S187;M18;V1
S187;M19;V1
S187;M19;V30
S187;M24;V1
S188;;
S189;M18;V1
S189;M19;V1
S189;M24;V1
S190;;
S191;M15;V32
S191;M25;V32
S191;M25;V33
S192;;
S193;M1;V8
S193;M5;V9
S193;M5;V8
S193;M6;V9
S193;M6;V8
S193;M7;V9
S193;M7;V8
S193;M21;V8
S193;M27;V8
S193;M28;V9
S193;M28;V8
